-- phpMyAdmin SQL Dump
-- version 5.2.0
-- https://www.phpmyadmin.net/
--
-- Host: localhost:3306
-- Generation Time: May 02, 2024 at 10:08 AM
-- Server version: 8.0.30
-- PHP Version: 8.1.10

SET SQL_MODE = "NO_AUTO_VALUE_ON_ZERO";
START TRANSACTION;
SET time_zone = "+00:00";


/*!40101 SET @OLD_CHARACTER_SET_CLIENT=@@CHARACTER_SET_CLIENT */;
/*!40101 SET @OLD_CHARACTER_SET_RESULTS=@@CHARACTER_SET_RESULTS */;
/*!40101 SET @OLD_COLLATION_CONNECTION=@@COLLATION_CONNECTION */;
/*!40101 SET NAMES utf8mb4 */;

--
-- Database: `promethe`
--

-- --------------------------------------------------------

--
-- Table structure for table `bb`
--

CREATE TABLE `bb` (
  `id` int NOT NULL,
  `id_umur` int NOT NULL,
  `min_sd` float NOT NULL,
  `median` float NOT NULL,
  `plus_sd` float NOT NULL
) ENGINE=InnoDB DEFAULT CHARSET=utf8mb4 COLLATE=utf8mb4_0900_ai_ci COMMENT='60';

--
-- Dumping data for table `bb`
--

INSERT INTO `bb` (`id`, `id_umur`, `min_sd`, `median`, `plus_sd`) VALUES
(1, 1, 8.2, 9.2, 10.2),
(2, 2, 8.4, 9.4, 10.5),
(3, 3, 8.6, 9.6, 10.8),
(4, 4, 8.8, 9.9, 11),
(5, 5, 9, 10.1, 11.3),
(6, 6, 9.2, 10.3, 11.5),
(7, 7, 9.4, 10.5, 11.7),
(8, 8, 9.6, 10.7, 12),
(9, 9, 9.8, 10.9, 12.2),
(10, 10, 10, 11.1, 12.5),
(11, 11, 10.1, 11.3, 12.7),
(12, 12, 10.3, 11.5, 12.9),
(13, 13, 10.5, 11.8, 13.2),
(14, 14, 10.7, 12, 13.4),
(15, 15, 10.8, 12.2, 13.6),
(16, 16, 11, 12.4, 13.9),
(17, 17, 11.2, 12.5, 14.1),
(18, 18, 11.3, 12.7, 14.3),
(19, 19, 11.5, 12.9, 14.5),
(20, 20, 11.7, 13.1, 14.8),
(21, 21, 11.8, 13.3, 15),
(22, 22, 12, 13.5, 15.2),
(23, 23, 12.1, 13.7, 15.4),
(24, 24, 12.3, 13.8, 15.6),
(25, 25, 12.4, 14, 15.8),
(26, 26, 12.6, 14.2, 16),
(27, 27, 12.7, 14.3, 16.2),
(28, 28, 12.9, 14.5, 16.4),
(29, 29, 13, 14.7, 16.6),
(30, 30, 13.1, 14.8, 16.8),
(31, 31, 13.3, 15, 17),
(32, 32, 13.4, 15.2, 17.2),
(33, 33, 13.6, 15.3, 17.4),
(34, 34, 13.7, 15.5, 17.6),
(35, 35, 13.8, 15.7, 17.8),
(36, 36, 14, 15.8, 18),
(37, 37, 14.1, 16, 18.2),
(38, 38, 14.3, 16.2, 18.4),
(39, 39, 14.4, 16.3, 18.6),
(40, 40, 14.5, 16.5, 18.8),
(41, 41, 14.7, 16.7, 19),
(42, 42, 14.8, 16.8, 19.2),
(43, 43, 15, 17, 19.4),
(44, 44, 15.1, 17.2, 19.6),
(45, 45, 15.2, 17.3, 19.8),
(46, 46, 15.4, 17.5, 20),
(47, 47, 15.5, 17.7, 20.2),
(48, 48, 15.6, 17.8, 20.4),
(49, 49, 15.8, 18, 20.6),
(50, 50, 15.9, 18.2, 20.8),
(51, 51, 16, 18.3, 21);

-- --------------------------------------------------------

--
-- Table structure for table `bb_tb`
--

CREATE TABLE `bb_tb` (
  `id` int NOT NULL,
  `id_umur` int NOT NULL,
  `min_sd` float NOT NULL,
  `median` float NOT NULL,
  `plus_sd` float NOT NULL
) ENGINE=InnoDB DEFAULT CHARSET=utf8mb4 COLLATE=utf8mb4_0900_ai_ci;

--
-- Dumping data for table `bb_tb`
--

INSERT INTO `bb_tb` (`id`, `id_umur`, `min_sd`, `median`, `plus_sd`) VALUES
(1, 1, 5.5, 6.1, 6.8),
(2, 2, 5.8, 6.4, 7.1),
(3, 3, 6, 6.7, 7.4),
(4, 4, 6.3, 6.9, 7.7),
(5, 5, 6.5, 7.2, 8),
(6, 6, 6.8, 7.5, 8.3),
(7, 7, 7, 7.7, 8.6),
(8, 8, 7.2, 8, 8.9),
(9, 9, 7.4, 8.3, 9.2),
(10, 10, 7.6, 8.6, 9.5),
(11, 11, 7.9, 8.9, 9.9),
(12, 12, 8.1, 9.2, 10.2),
(13, 13, 8.3, 9.5, 10.5),
(14, 14, 8.5, 9.8, 10.8),
(15, 15, 8.7, 10.1, 11.1),
(16, 16, 9, 10.4, 11.5),
(17, 17, 9.2, 10.7, 11.8),
(18, 18, 9.4, 11, 12.1),
(19, 19, 9.6, 11.3, 12.4),
(20, 20, 9.8, 11.6, 12.8),
(21, 21, 10.1, 11.9, 13.1),
(22, 22, 10.3, 12.2, 13.4),
(23, 23, 10.5, 12.5, 13.7),
(24, 24, 10.7, 12.8, 14.1),
(25, 25, 10.9, 13.1, 14.4),
(26, 26, 11.2, 13.4, 14.7),
(27, 27, 11.4, 13.7, 15),
(28, 28, 11.6, 14, 15.4),
(29, 29, 11.8, 14.3, 15.7),
(30, 30, 12.1, 14.6, 16),
(31, 31, 12.3, 14.9, 16.3),
(32, 32, 12.5, 15.2, 16.7),
(33, 33, 12.7, 15.5, 17),
(34, 34, 13, 15.8, 17.3),
(35, 35, 13.2, 16.1, 17.6),
(36, 36, 13.4, 16.4, 18),
(37, 37, 13.6, 16.7, 18.3),
(38, 38, 13.8, 17, 18.6),
(39, 39, 14.1, 17.3, 19),
(40, 40, 14.3, 17.6, 19.3),
(41, 41, 14.5, 17.9, 19.6),
(42, 42, 14.7, 18.2, 19.9),
(43, 43, 15, 18.5, 20.3),
(44, 44, 15.2, 18.8, 20.6),
(45, 45, 15.4, 19.1, 20.9),
(46, 46, 15.6, 19.4, 21.3),
(47, 47, 15.9, 19.7, 21.6),
(48, 48, 16.1, 20, 21.9),
(49, 49, 16.3, 20.3, 22.2),
(50, 50, 16.5, 20.6, 22.6),
(51, 51, 16.8, 20.9, 22.9);

-- --------------------------------------------------------

--
-- Table structure for table `dosen`
--

CREATE TABLE `dosen` (
  `nidn` varchar(20) NOT NULL,
  `nama` varchar(100) NOT NULL,
  `jenis_kelamin` varchar(15) NOT NULL,
  `alamat` text NOT NULL,
  `no_hp` varchar(50) NOT NULL,
  `nama_ortu` varchar(50) NOT NULL,
  `create_at` timestamp(3) NOT NULL DEFAULT CURRENT_TIMESTAMP(3),
  `id_umur` int NOT NULL,
  `berat_badan` float NOT NULL,
  `tinggi_badan` float NOT NULL
) ENGINE=InnoDB DEFAULT CHARSET=latin1;

--
-- Dumping data for table `dosen`
--

INSERT INTO `dosen` (`nidn`, `nama`, `jenis_kelamin`, `alamat`, `no_hp`, `nama_ortu`, `create_at`, `id_umur`, `berat_badan`, `tinggi_badan`) VALUES
('10293', 'iksan', 'Laki - Laki', 'gejayan', '6285692372452', 'indra', '2024-05-02 05:08:34.161', 1, 6, 50),
('1111', 'rama', 'Laki - Laki', 'jepara', '6285692372457', 'adi', '2024-05-02 05:41:02.074', 1, 60, 75),
('53434324', 'fiya', 'Perempuan', 'uuu', '6285692372456', 'weaw', '2024-05-02 06:02:11.097', 1, 2, 110),
('59874353', 'nia', 'Perempuan', 'hjjjj', '6285692372457', 'weaw', '2024-05-02 06:07:48.182', 3, 25, 170),
('848484', 'fahmi', 'Laki - Laki', 'gejayan', '6285692372456', 'isa', '2024-05-02 05:35:36.161', 1, 87, 75.6);

-- --------------------------------------------------------

--
-- Table structure for table `dosen_subkriteria`
--

CREATE TABLE `dosen_subkriteria` (
  `id` int NOT NULL,
  `nidn` varchar(20) NOT NULL,
  `id_subkriteria` int NOT NULL,
  `value` int NOT NULL,
  `periode` int NOT NULL
) ENGINE=InnoDB DEFAULT CHARSET=latin1;

--
-- Dumping data for table `dosen_subkriteria`
--

INSERT INTO `dosen_subkriteria` (`id`, `nidn`, `id_subkriteria`, `value`, `periode`) VALUES
(969, '10293', 3, 0, 1),
(970, '10293', 7, 0, 1),
(971, '10293', 10, 0, 1),
(972, '10293', 13, 0, 1),
(973, '10293', 4, 0, 1),
(974, '10293', 7, 0, 1),
(975, '10293', 8, 0, 1),
(976, '10293', 11, 0, 1),
(977, '848484', 2, 0, 1),
(978, '848484', 7, 0, 1),
(979, '848484', 10, 0, 1),
(980, '848484', 13, 0, 1),
(986, '848484', 4, 0, 1),
(987, '848484', 7, 0, 1),
(988, '848484', 10, 0, 1),
(989, '848484', 13, 0, 1),
(991, '848484', 4, 0, 1),
(992, '848484', 7, 0, 1),
(993, '848484', 10, 0, 1),
(994, '848484', 13, 0, 1),
(995, '848484', 4, 0, 1),
(996, '848484', 7, 0, 1),
(997, '848484', 10, 0, 1),
(998, '848484', 13, 0, 1),
(999, '1111', 4, 0, 1),
(1000, '1111', 7, 0, 1),
(1001, '1111', 10, 0, 1),
(1002, '1111', 13, 0, 1),
(1003, '53434324', 1, 0, 1),
(1004, '53434324', 5, 0, 1),
(1005, '53434324', 8, 0, 1),
(1006, '53434324', 13, 0, 1),
(1007, '53434324', 1, 0, 1),
(1008, '53434324', 5, 0, 1),
(1009, '53434324', 8, 0, 1),
(1010, '53434324', 13, 0, 1),
(1015, '53434324', 1, 0, 1),
(1016, '53434324', 7, 0, 1),
(1017, '53434324', 10, 0, 1),
(1018, '53434324', 13, 0, 1),
(1019, '53434324', 1, 0, 1),
(1020, '53434324', 7, 0, 1),
(1021, '53434324', 10, 0, 1),
(1022, '53434324', 13, 0, 1),
(1023, '59874353', 1, 0, 1),
(1024, '59874353', 7, 0, 1),
(1025, '59874353', 10, 0, 1),
(1026, '59874353', 13, 0, 1),
(1027, '53434324', 1, 0, 1),
(1028, '53434324', 5, 0, 1),
(1029, '53434324', 8, 0, 1),
(1030, '53434324', 13, 0, 1);

-- --------------------------------------------------------

--
-- Table structure for table `hasil_seleksi`
--

CREATE TABLE `hasil_seleksi` (
  `id` int NOT NULL,
  `nilai` float NOT NULL,
  `nidn` varchar(20) NOT NULL,
  `periode` int NOT NULL
) ENGINE=InnoDB DEFAULT CHARSET=latin1;

--
-- Dumping data for table `hasil_seleksi`
--

INSERT INTO `hasil_seleksi` (`id`, `nilai`, `nidn`, `periode`) VALUES
(125, -0.1, '06123458', 0),
(126, 0, '06123459', 0),
(127, 0.1, '232323', 0),
(128, -0.15, '06123458', 0),
(129, 0, '06123459', 0),
(130, 0.15, '34343', 0),
(131, 0, '4565465656', 0),
(132, 0, '67676767', 0),
(133, 0.125, '4565465656', 0),
(134, -0.275, '6767676', 0),
(135, 0.15, '67676767', 0),
(136, 0.125, '4565465656', 0),
(137, -0.275, '6767676', 0),
(138, 0.15, '67676767', 0),
(139, 0.15, '554545', 0),
(140, -0.3, '6767676', 0),
(141, 0.15, '67676767', 0),
(142, -0.3, '6767676', 0),
(143, 0.15, '554545', 0),
(144, 0.15, '67676767', 0),
(145, -0.3, '6767676', 0),
(146, 0.15, '554545', 0),
(147, 0.15, '67676767', 0),
(148, -0.3, '6767676', 0),
(149, 0.15, '554545', 0),
(150, 0.15, '67676767', 0),
(151, -0.3, '6767676', 0),
(152, 0.15, '554545', 0),
(153, 0.15, '67676767', 0),
(154, -0.3, '6767676', 0),
(155, 0.15, '554545', 0),
(156, 0.15, '67676767', 0),
(157, -0.3, '6767676', 0),
(158, 0.15, '554545', 0),
(159, 0.15, '67676767', 0),
(160, -0.3, '6767676', 0),
(161, 0.15, '554545', 0),
(162, 0.15, '67676767', 0),
(163, -0.3, '6767676', 0),
(164, 0.15, '554545', 0),
(165, 0.15, '67676767', 0),
(166, -0.3, '6767676', 0),
(167, 0.15, '554545', 0),
(168, 0.15, '67676767', 0),
(169, -0.3, '6767676', 0),
(170, 0.15, '554545', 0),
(171, 0.15, '67676767', 0),
(172, -0.3, '6767676', 0),
(173, 0.15, '554545', 0),
(174, 0.15, '67676767', 0),
(175, -0.3, '6767676', 0),
(176, 0.15, '554545', 0),
(177, 0.15, '67676767', 0),
(178, -0.3, '6767676', 0),
(179, 0.15, '554545', 0),
(180, 0.15, '67676767', 0),
(181, -0.3, '6767676', 0),
(182, 0.15, '554545', 0),
(183, 0.15, '67676767', 0),
(184, -0.3, '6767676', 0),
(185, 0.15, '554545', 0),
(186, 0.15, '67676767', 0),
(187, -0.3, '6767676', 0),
(188, 0.15, '554545', 0),
(189, 0.15, '67676767', 0),
(190, -0.3, '6767676', 0),
(191, 0.15, '554545', 0),
(192, 0.15, '67676767', 0),
(193, -0.3, '6767676', 0),
(194, 0.15, '554545', 0),
(195, 0.15, '67676767', 0),
(196, -0.3, '6767676', 0),
(197, 0.15, '554545', 0),
(198, 0.15, '67676767', 0),
(199, -0.3, '6767676', 0),
(200, 0.15, '554545', 0),
(201, 0.15, '67676767', 0),
(202, -0.3, '6767676', 0),
(203, 0.15, '554545', 0),
(204, 0.15, '67676767', 0),
(205, -0.3, '6767676', 0),
(206, 0.15, '554545', 0),
(207, 0.15, '67676767', 0),
(208, -0.3, '6767676', 0),
(209, 0.15, '554545', 0),
(210, 0.15, '67676767', 0),
(211, -0.3, '6767676', 0),
(212, 0.15, '554545', 0),
(213, 0.15, '67676767', 0),
(214, 0.1, '12345', 0),
(215, -0.3, '6767676', 0),
(216, 0.1, '554545', 0),
(217, 0.1, '67676767', 0),
(218, 0.1125, '12345', 0),
(219, -0.2625, '6767676', 0),
(220, 0.1125, '84739', 0),
(221, 0.1125, '67676767', 0),
(222, -0.075, '2222', 0),
(223, 0.1125, '12345', 0),
(224, -0.2625, '6767676', 0),
(225, 0.1125, '84739', 0),
(226, 0.1125, '67676767', 0),
(227, -0.075, '2222', 0),
(228, 0.09, '12345', 0),
(229, -0.26, '6767676', 0),
(230, 0.09, '84739', 0),
(231, 0.07, '77474', 0),
(232, 0.09, '67676767', 0),
(233, -0.08, '2222', 0),
(234, 0.09, '12345', 0),
(235, -0.26, '6767676', 0),
(236, 0.09, '84739', 0),
(237, 0.07, '77474', 0),
(238, 0.09, '67676767', 0),
(239, -0.08, '2222', 0),
(240, 0.1125, '12345', 0),
(241, -0.25, '6767676', 0),
(242, 0.1125, '84739', 0),
(243, 0.0875, '77474', 0),
(244, -0.0625, '2222', 0),
(245, 0.1125, '12345', 0),
(246, -0.25, '6767676', 0),
(247, 0.1125, '84739', 0),
(248, 0.0875, '77474', 0),
(249, -0.0625, '2222', 0),
(250, 0.1125, '12345', 0),
(251, -0.25, '6767676', 0),
(252, 0.1125, '84739', 0),
(253, 0.0875, '77474', 0),
(254, -0.0625, '2222', 0),
(255, 0.1125, '12345', 0),
(256, -0.25, '6767676', 0),
(257, 0.1125, '84739', 0),
(258, 0.0875, '77474', 0),
(259, -0.0625, '2222', 0),
(260, 0.1125, '12345', 0),
(261, -0.25, '6767676', 0),
(262, 0.1125, '84739', 0),
(263, 0.0875, '77474', 0),
(264, -0.0625, '2222', 0),
(265, 0.1125, '12345', 0),
(266, -0.25, '6767676', 0),
(267, 0.1125, '84739', 0),
(268, 0.0875, '77474', 0),
(269, -0.0625, '2222', 0),
(270, 0.1125, '12345', 0),
(271, -0.25, '6767676', 0),
(272, 0.1125, '84739', 0),
(273, 0.0875, '77474', 0),
(274, -0.0625, '2222', 0),
(275, 0.1125, '12345', 0),
(276, -0.25, '6767676', 0),
(277, 0.1125, '84739', 0),
(278, 0.0875, '77474', 0),
(279, -0.0625, '2222', 0),
(280, 0.1125, '12345', 0),
(281, -0.25, '6767676', 0),
(282, 0.1125, '84739', 0),
(283, 0.0875, '77474', 0),
(284, -0.0625, '2222', 0),
(285, 0.1125, '12345', 0),
(286, -0.25, '6767676', 0),
(287, 0.1125, '84739', 0),
(288, 0.0875, '77474', 0),
(289, -0.0625, '2222', 0),
(290, 0.1125, '12345', 0),
(291, -0.25, '6767676', 0),
(292, 0.1125, '84739', 0),
(293, 0.0875, '77474', 0),
(294, -0.0625, '2222', 0),
(295, 0.1125, '12345', 0),
(296, -0.25, '6767676', 0),
(297, 0.1125, '84739', 0),
(298, 0.0875, '77474', 0),
(299, -0.0625, '2222', 0),
(300, 0.1125, '12345', 0),
(301, -0.25, '6767676', 0),
(302, 0.1125, '84739', 0),
(303, 0.0875, '77474', 0),
(304, -0.0625, '2222', 0),
(305, 0.15, '12345', 0),
(306, -0.3, '6767676', 0),
(307, 0.15, '84739', 0),
(308, -0.2, '44444', 0),
(309, 0.1, '1111', 0),
(310, 0.1, '8833', 0),
(311, -0.2, '44444', 0),
(312, 0.0666667, '1111', 0),
(313, 0.0666667, '8833', 0),
(314, 0.0666667, '95839', 0),
(315, -0.2, '44444', 0),
(316, 0.0666667, '1111', 0),
(317, 0.0666667, '8833', 0),
(318, 0.0666667, '95839', 0),
(319, -0.2, '44444', 0),
(320, 0.0666667, '1111', 0),
(321, 0.0666667, '8833', 0),
(322, 0.0666667, '95839', 0),
(323, -0.2, '44444', 0),
(324, 0.0666667, '1111', 0),
(325, 0.0666667, '8833', 0),
(326, 0.0666667, '95839', 0),
(327, -0.2, '44444', 0),
(328, 0.0666667, '1111', 0),
(329, 0.0666667, '8833', 0),
(330, 0.0666667, '95839', 0),
(331, -0.2, '44444', 0),
(332, 0.0666667, '1111', 0),
(333, 0.0666667, '8833', 0),
(334, 0.0666667, '95839', 0),
(335, -0.2, '44444', 0),
(336, 0.0666667, '1111', 0),
(337, 0.0666667, '8833', 0),
(338, 0.0666667, '95839', 0),
(339, -0.2, '44444', 0),
(340, 0.04, '1111', 0),
(341, 0.04, '121212', 0),
(342, 0.04, '8833', 0),
(343, 0.04, '95839', 0),
(344, 0.04, '363738', 0),
(345, 0.25, '30303', 0),
(346, -0.125, '10101', 0),
(347, -0.125, '4949494', 0),
(348, 0.25, '30303', 0),
(349, -0.125, '10101', 0),
(350, -0.125, '4949494', 0),
(351, 0.25, '30303', 0),
(352, -0.125, '10101', 0),
(353, -0.125, '4949494', 0),
(354, 0.166667, '30303', 0),
(355, 0, '38292', 0),
(356, -0.0833333, '10101', 0),
(357, -0.0833333, '4949494', 0),
(358, 0.166667, '30303', 0),
(359, 0, '38292', 0),
(360, -0.0833333, '10101', 0),
(361, -0.0833333, '4949494', 0),
(362, 0.125, '30303', 0),
(363, 0, '38292', 0),
(364, -0.0625, '10101', 0),
(365, 0, '29338', 0),
(366, -0.0625, '4949494', 0),
(367, 0.125, '30303', 0),
(368, 0, '38292', 0),
(369, -0.125, '10101', 0),
(370, 0.125, '54322', 0),
(371, -0.125, '4949494', 0),
(372, -0.125, '32922', 0),
(373, 0.125, '30303', 0),
(374, 0, '38292', 0),
(375, 0.125, '54322', 0),
(376, -0.125, '4949494', 0),
(377, -0.125, '32922', 0),
(378, 0.125, '30303', 0),
(379, 0, '38292', 0),
(380, 0.125, '54322', 0),
(381, -0.125, '4949494', 0),
(382, -0.15, '32922', 0),
(383, 0.1, '30303', 0),
(384, 0, '38292', 0),
(385, 0.1, '54322', 0),
(386, 0.1, '372849', 0),
(387, -0.15, '4949494', 0),
(388, -0.125, '23123213', 0),
(389, -0.125, '84980380', 0),
(390, 0.25, '372849', 0),
(391, -0.125, '23123213', 0),
(392, -0.125, '84980380', 0),
(393, 0.25, '372849', 0),
(394, -0.125, '23123213', 0),
(395, -0.125, '84980380', 0),
(396, 0.25, '372849', 0),
(397, -0.125, '23123213', 0),
(398, -0.125, '84980380', 0),
(399, 0.25, '372849', 0),
(400, -0.125, '23123213', 0),
(401, -0.125, '84980380', 0),
(402, 0.25, '372849', 0),
(403, -0.125, '23123213', 0),
(404, -0.125, '84980380', 0),
(405, 0.25, '372849', 0),
(406, -0.125, '23123213', 0),
(407, -0.125, '84980380', 0),
(408, 0.25, '372849', 0),
(409, 0.166667, '43434', 0),
(410, -0.166667, '23123213', 0),
(411, -0.166667, '84980380', 0),
(412, 0.166667, '372849', 0),
(413, 0.166667, '43434', 0),
(414, -0.166667, '23123213', 0),
(415, -0.166667, '84980380', 0),
(416, 0.166667, '372849', 0),
(417, 0.166667, '43434', 0),
(418, -0.166667, '23123213', 0),
(419, -0.166667, '84980380', 0),
(420, 0.166667, '372849', 0),
(421, 0.1875, '43434', 0),
(422, -0.125, '23123213', 0),
(423, -0.125, '84980380', 0),
(424, -0.125, '3225534', 0),
(425, 0.1875, '372849', 0),
(426, 0.1875, '43434', 0),
(427, -0.125, '23123213', 0),
(428, -0.125, '84980380', 0),
(429, -0.125, '3225534', 0),
(430, 0.1875, '372849', 0),
(431, 0.125, '43434', 0),
(432, -0.1875, '23123213', 0),
(433, -0.1875, '84980380', 0),
(434, 0.125, '3225534', 0),
(435, 0.125, '372849', 0),
(436, 0.125, '43434', 0),
(437, -0.1875, '23123213', 0),
(438, -0.1875, '84980380', 0),
(439, 0.125, '3225534', 0),
(440, 0.125, '372849', 0),
(441, 0.125, '84980380', 0),
(442, 0.125, '29202', 0),
(443, -0.25, '3234', 0),
(444, 0.125, '84980380', 0),
(445, 0.125, '29202', 0),
(446, -0.25, '3234', 0),
(447, -0.166667, '192930', 0),
(448, 0.166667, '84980380', 0),
(449, 0.166667, '29202', 0),
(450, -0.166667, '3234', 0),
(451, -0.166667, '192930', 0),
(452, 0.166667, '84980380', 0),
(453, 0.166667, '29202', 0),
(454, -0.166667, '3234', 0),
(455, -0.166667, '192930', 0),
(456, 0.166667, '84980380', 0),
(457, 0.166667, '29202', 0),
(458, -0.166667, '3234', 0),
(459, -0.166667, '192930', 0),
(460, 0.166667, '84980380', 0),
(461, 0.166667, '29202', 0),
(462, -0.166667, '3234', 0),
(463, -0.166667, '192930', 0),
(464, 0.166667, '84980380', 0),
(465, 0.166667, '29202', 0),
(466, -0.166667, '3234', 0),
(467, -0.166667, '192930', 0),
(468, 0.166667, '84980380', 0),
(469, 0.166667, '29202', 0),
(470, -0.166667, '3234', 0),
(471, -0.166667, '192930', 0),
(472, 0.166667, '84980380', 0),
(473, 0.166667, '29202', 0),
(474, -0.166667, '3234', 0),
(475, -0.166667, '192930', 0),
(476, 0.166667, '84980380', 0),
(477, 0.166667, '29202', 0),
(478, -0.166667, '3234', 0),
(479, -0.166667, '192930', 0),
(480, 0.166667, '84980380', 0),
(481, 0.166667, '29202', 0),
(482, -0.166667, '3234', 0),
(483, -0.166667, '192930', 0),
(484, 0.166667, '84980380', 0),
(485, 0.166667, '29202', 0),
(486, -0.166667, '3234', 0),
(487, -0.166667, '192930', 0),
(488, 0.166667, '84980380', 0),
(489, 0.166667, '29202', 0),
(490, -0.166667, '3234', 0),
(491, -0.166667, '192930', 0),
(492, 0.166667, '84980380', 0),
(493, 0.166667, '29202', 0),
(494, -0.166667, '3234', 0),
(495, -0.166667, '192930', 0),
(496, 0.166667, '84980380', 0),
(497, 0.166667, '29202', 0),
(498, -0.166667, '3234', 0),
(499, -0.166667, '192930', 0),
(500, 0.166667, '84980380', 0),
(501, 0.166667, '29202', 0),
(502, -0.166667, '3234', 0),
(503, -0.166667, '192930', 0),
(504, 0.166667, '84980380', 0),
(505, 0.166667, '29202', 0),
(506, -0.166667, '3234', 0),
(507, -0.166667, '192930', 0),
(508, 0.166667, '84980380', 0),
(509, 0.166667, '29202', 0),
(510, -0.166667, '3234', 0),
(511, -0.166667, 'amin', 0),
(512, 0.166667, 'eko', 0),
(513, 0.166667, 'fahmi', 0),
(514, -0.166667, 'Gladis', 0),
(515, -0.166667, '192930', 0),
(516, 0.166667, '84980380', 0),
(517, 0.166667, '29202', 0),
(518, -0.166667, '3234', 0),
(519, -0.166667, '192930', 0),
(520, 0.166667, '84980380', 0),
(521, 0.166667, '29202', 0),
(522, -0.166667, '3234', 0),
(523, -0.166667, '192930', 0),
(524, 0.166667, '84980380', 0),
(525, 0.166667, '29202', 0),
(526, -0.166667, '3234', 0),
(527, -0.166667, '192930', 0),
(528, 0.166667, '84980380', 0),
(529, 0.166667, '29202', 0),
(530, -0.166667, '3234', 0),
(531, -0.166667, '192930', 0),
(532, 0.166667, '84980380', 0),
(533, 0.166667, '29202', 0),
(534, -0.166667, '3234', 0),
(535, 0, '192930', 0),
(536, 0, '84980380', 0),
(537, 0, '29202', 0),
(538, 0, '3234', 0),
(539, -0.166667, '192930', 0),
(540, 0.166667, '84980380', 0),
(541, 0.166667, '29202', 0),
(542, -0.166667, '3234', 0),
(543, 0, '192930', 0),
(544, 0, '', 0),
(545, 0, '84980380', 0),
(546, 0, '29202', 0),
(547, 0, '3234', 0),
(548, -0.166667, '192930', 0),
(549, 0.166667, '84980380', 0),
(550, 0.166667, '29202', 0),
(551, -0.166667, '3234', 0),
(552, -0.166667, '192930', 0),
(553, 0.166667, '84980380', 0),
(554, 0.166667, '29202', 0),
(555, -0.166667, '3234', 0),
(556, -0.166667, '192930', 0),
(557, 0.166667, '84980380', 0),
(558, 0.166667, '29202', 0),
(559, -0.166667, '3234', 0),
(560, -0.166667, '', 0),
(561, 0.166667, '', 0),
(562, 0.166667, '', 0),
(563, -0.166667, '', 0),
(564, -0.166667, '192930', 0),
(565, 0.166667, '84980380', 0),
(566, 0.166667, '29202', 0),
(567, -0.166667, '3234', 0),
(568, -0.166667, '192930', 0),
(569, 0.166667, '84980380', 0),
(570, 0.166667, '29202', 0),
(571, -0.166667, '3234', 0),
(572, -0.166667, '192930', 0),
(573, 0.166667, '84980380', 0),
(574, 0.166667, '29202', 0),
(575, -0.166667, '3234', 0),
(576, -0.166667, '192930', 0),
(577, 0.166667, '84980380', 0),
(578, 0.166667, '29202', 0),
(579, -0.166667, '3234', 0),
(580, -0.166667, '192930', 0),
(581, 0.166667, '84980380', 0),
(582, 0.166667, '29202', 0),
(583, -0.166667, '3234', 0),
(584, -0.166667, '192930', 0),
(585, 0.166667, '84980380', 0),
(586, 0.166667, '29202', 0),
(587, -0.166667, '3234', 0),
(588, -0.166667, '192930', 0),
(589, 0.166667, '84980380', 0),
(590, 0.166667, '29202', 0),
(591, -0.166667, '3234', 0),
(592, -0.166667, '192930', 0),
(593, 0.166667, '84980380', 0),
(594, 0.166667, '29202', 0),
(595, -0.166667, '3234', 0),
(596, -0.166667, '192930', 0),
(597, 0.166667, '84980380', 0),
(598, 0.166667, '29202', 0),
(599, -0.166667, '3234', 0),
(600, -0.166667, '192930', 0),
(601, 0.166667, '84980380', 0),
(602, 0.166667, '29202', 0),
(603, -0.166667, '3234', 0),
(604, -0.166667, '192930', 0),
(605, 0.166667, '84980380', 0),
(606, 0.166667, '29202', 0),
(607, -0.166667, '3234', 0),
(608, 0, '192930', 0),
(609, 0, '84980380', 0),
(610, 0, '29202', 0),
(611, 0, '3234', 0),
(612, -0.166667, '192930', 0),
(613, 0.166667, '84980380', 0),
(614, 0.166667, '29202', 0),
(615, -0.166667, '3234', 0),
(616, -0.166667, '192930', 0),
(617, 0.166667, '84980380', 0),
(618, 0.166667, '29202', 0),
(619, -0.166667, '3234', 0),
(620, -0.166667, '192930', 0),
(621, 0.166667, '84980380', 0),
(622, 0.166667, '29202', 0),
(623, -0.166667, '3234', 0),
(624, -0.125, '192930', 0),
(625, -0.125, '3920', 0),
(626, 0.1875, '84980380', 0),
(627, 0.1875, '29202', 0),
(628, -0.125, '3234', 0),
(629, -0.0833333, '192930', 0),
(630, -0.0833333, '3920', 0),
(631, 0.25, '29202', 0),
(632, -0.0833333, '3234', 0),
(633, -0.0833333, '192930', 0),
(634, -0.0833333, '3920', 0),
(635, 0.25, '29202', 0),
(636, -0.0833333, '3234', 0),
(637, -0.0833333, '192930', 0),
(638, -0.0833333, '3920', 0),
(639, 0.25, '29202', 0),
(640, -0.0833333, '3234', 0),
(641, -0.0833333, '192930', 0),
(642, -0.0833333, '3920', 0),
(643, 0.25, '29202', 0),
(644, -0.0833333, '3234', 0),
(645, -0.0833333, '192930', 0),
(646, -0.0833333, '3920', 0),
(647, 0.25, '29202', 0),
(648, -0.0833333, '3234', 0),
(649, -0.125, '192930', 0),
(650, 0.1875, '939393', 0),
(651, -0.125, '3920', 0),
(652, 0.1875, '29202', 0),
(653, -0.125, '3234', 0),
(654, -0.166667, '192930', 0),
(655, 0.166667, '939393', 0),
(656, -0.166667, '3920', 0),
(657, 0.166667, '84980380', 0),
(658, -0.166667, '192930', 0),
(659, 0.166667, '939393', 0),
(660, -0.166667, '3920', 0),
(661, 0.166667, '84980380', 0),
(662, -0.166667, '192930', 0),
(663, 0.166667, '939393', 0),
(664, -0.166667, '3920', 0),
(665, 0.166667, '84980380', 0),
(666, -0.125, '192930', 0),
(667, 0.25, '939393', 0),
(668, -0.125, '3920', 0),
(669, -0.0833333, '192930', 0),
(670, 0.166667, '939393', 0),
(671, -0.0833333, '3920', 0),
(672, 0, '29374', 0),
(673, 0.125, '939393', 0),
(674, -0.125, '53434324', 0),
(675, 0, '29374', 0),
(676, 0.2, '939393', 0),
(677, -0.05, '53434324', 0),
(678, 0, '29374', 0),
(679, -0.05, '84980380', 0),
(680, -0.05, '121222', 0),
(681, -0.05, '1212', 0),
(682, 0, '1212212', 0),
(683, 0, '1212', 0),
(684, 0, '121222', 0),
(685, 0, '12120', 0),
(686, 0, '1212212', 0),
(687, 0, '1212', 0),
(688, 0, '84980380', 0),
(689, 0, '121222', 0),
(690, 0, '12120', 0),
(691, 0, '84980380', 0),
(692, 0, '1212212', 0),
(693, 0, '1212', 0),
(694, 0.166667, '59874353', 0),
(695, -0.166667, '84980380', 0),
(696, 0.166667, '1111', 0),
(697, -0.166667, '939393', 0),
(698, 0.1875, '59874353', 0),
(699, -0.125, '44444', 0),
(700, -0.125, '84980380', 0),
(701, 0.1875, '1111', 0),
(702, -0.125, '939393', 0),
(703, 0.15, '59874353', 0),
(704, -0.15, '44444', 0),
(705, -0.15, '84980380', 0),
(706, 0.15, '1111', 0),
(707, -0.15, '939393', 0),
(708, 0.15, '23432423', 0),
(709, 0.125, '59874353', 0),
(710, -0.166667, '44444', 0),
(711, 0.125, '748494', 0),
(712, -0.166667, '84980380', 0),
(713, 0.125, '1111', 0),
(714, -0.166667, '939393', 0),
(715, 0.125, '23432423', 0),
(716, 0.125, '59874353', 0),
(717, -0.166667, '44444', 0),
(718, 0.125, '748494', 0),
(719, -0.166667, '84980380', 0),
(720, 0.125, '1111', 0),
(721, -0.166667, '939393', 0),
(722, 0.125, '23432423', 0),
(723, 0.166667, '59874353', 0),
(724, -0.125, '44444', 0),
(725, -0.125, '748494', 0),
(726, -0.125, '84980380', 0),
(727, 0.166667, '1111', 0),
(728, -0.125, '939393', 0),
(729, 0.166667, '23432423', 0),
(730, 0.166667, '59874353', 0),
(731, -0.166667, '44444', 0),
(732, -0.166667, '748494', 0),
(733, 0.166667, '1111', 0),
(734, 0.125, '59874353', 0),
(735, -0.1875, '44444', 0),
(736, -0.1875, '748494', 0),
(737, 0.125, '10293', 0),
(738, 0.125, '1111', 0),
(739, 0.1875, '59874353', 0),
(740, -0.125, '44444', 0),
(741, -0.125, '748494', 0),
(742, -0.125, '10293', 0),
(743, 0.1875, '1111', 0),
(744, 0.1875, '59874353', 0),
(745, -0.125, '44444', 0),
(746, -0.125, '748494', 0),
(747, -0.125, '10293', 0),
(748, 0.1875, '1111', 0),
(749, 0.1875, '59874353', 0),
(750, -0.125, '44444', 0),
(751, -0.125, '748494', 0),
(752, -0.125, '10293', 0),
(753, 0.1875, '1111', 0),
(754, 0.1875, '59874353', 0),
(755, -0.125, '44444', 0),
(756, -0.125, '748494', 0),
(757, -0.125, '10293', 0),
(758, 0.1875, '1111', 0),
(759, 0.1875, '59874353', 0),
(760, -0.125, '44444', 0),
(761, -0.125, '748494', 0),
(762, -0.125, '10293', 0),
(763, 0.1875, '1111', 0),
(764, 0.15, '59874353', 0),
(765, 0.15, '848484', 0),
(766, -0.15, '44444', 0),
(767, -0.15, '748494', 0),
(768, -0.15, '10293', 0),
(769, 0.15, '1111', 0),
(770, 0.25, '848484', 0),
(771, -0.0833333, '44444', 0),
(772, -0.0833333, '748494', 0),
(773, -0.0833333, '10293', 0),
(774, 0.25, '848484', 0),
(775, -0.0625, '44444', 0),
(776, -0.0625, '748494', 0),
(777, -0.0625, '10293', 0),
(778, -0.0625, '23565', 0),
(779, 0.25, '848484', 0),
(780, -0.125, '748494', 0),
(781, -0.125, '10293', 0),
(782, 0.166667, '848484', 0),
(783, -0.166667, '748494', 0),
(784, -0.166667, '10293', 0),
(785, 0.166667, '1111', 0),
(786, 0.125, '848484', 0),
(787, -0.25, '10293', 0),
(788, 0.125, '1111', 0),
(789, 0.125, '848484', 0),
(790, -0.25, '10293', 0),
(791, 0.125, '1111', 0),
(792, 0.125, '848484', 0),
(793, -0.25, '10293', 0),
(794, 0.125, '1111', 0),
(795, 0.125, '848484', 0),
(796, -0.25, '10293', 0),
(797, 0.125, '1111', 0),
(798, 0.125, '848484', 0),
(799, -0.25, '10293', 0),
(800, 0.125, '1111', 0),
(801, 0.125, '848484', 0),
(802, -0.25, '10293', 0),
(803, 0.125, '1111', 0),
(804, 0.125, '848484', 0),
(805, -0.25, '10293', 0),
(806, 0.125, '1111', 0),
(807, 0.125, '848484', 0),
(808, -0.25, '10293', 0),
(809, 0.125, '1111', 0),
(810, 0.125, '848484', 0),
(811, -0.25, '10293', 0),
(812, 0.125, '1111', 0),
(813, 0.125, '848484', 0),
(814, -0.25, '10293', 0),
(815, 0.125, '1111', 0),
(816, 0.0625, '848484', 0),
(817, -0.25, '10293', 0),
(818, 0.0625, '53434324', 0),
(819, 0.0625, '1111', 0),
(820, 0.0625, '1212', 0),
(821, 0.0625, '848484', 0),
(822, 0.0625, '53434324', 0),
(823, -0.25, '10293', 0),
(824, 0.0625, '59874353', 0),
(825, 0.0625, '1111', 0),
(826, 0.0625, '848484', 0),
(827, 0.0625, '53434324', 0),
(828, -0.25, '10293', 0),
(829, 0.0625, '59874353', 0),
(830, 0.0625, '1111', 0),
(831, 0.0625, '848484', 0),
(832, 0.0625, '53434324', 0),
(833, -0.25, '10293', 0),
(834, 0.0625, '59874353', 0),
(835, 0.0625, '1111', 0),
(836, 0.0625, '848484', 0),
(837, 0.0625, '53434324', 0),
(838, -0.25, '10293', 0),
(839, 0.0625, '59874353', 0),
(840, 0.0625, '1111', 0),
(841, 0.0625, '848484', 0),
(842, 0.0625, '53434324', 0),
(843, -0.25, '10293', 0),
(844, 0.0625, '59874353', 0),
(845, 0.0625, '1111', 0),
(846, 0.0625, '848484', 0),
(847, 0.0625, '53434324', 0),
(848, -0.25, '10293', 0),
(849, 0.0625, '59874353', 0),
(850, 0.0625, '1111', 0);

-- --------------------------------------------------------

--
-- Table structure for table `imt_u`
--

CREATE TABLE `imt_u` (
  `id` int NOT NULL,
  `id_umur` int NOT NULL,
  `min_sd` float NOT NULL,
  `median` float NOT NULL,
  `plus_sd` float NOT NULL
) ENGINE=InnoDB DEFAULT CHARSET=utf8mb4 COLLATE=utf8mb4_0900_ai_ci;

--
-- Dumping data for table `imt_u`
--

INSERT INTO `imt_u` (`id`, `id_umur`, `min_sd`, `median`, `plus_sd`) VALUES
(1, 1, 15.7, 17, 18.5),
(2, 2, 15.6, 16.9, 18.4),
(3, 3, 15.5, 16.8, 18.2),
(4, 4, 15.4, 16.7, 18.1),
(5, 5, 15.3, 16.6, 18),
(6, 6, 15.2, 16.4, 17.8),
(7, 7, 15.1, 16.3, 17.7),
(8, 8, 15, 16.2, 17.6),
(9, 9, 14.9, 16.1, 17.5),
(10, 10, 14.9, 16.1, 17.4),
(11, 11, 14.8, 16, 17.3),
(12, 12, 14.7, 15.9, 17.2),
(13, 13, 14.7, 15.8, 17.2),
(14, 14, 14.6, 15.8, 17.1),
(15, 15, 14.6, 15.7, 17),
(16, 16, 14.8, 16, 17.3),
(17, 17, 14.8, 15.9, 17.3),
(18, 18, 14.7, 15.9, 17.2),
(19, 19, 14.7, 15.9, 17.2),
(20, 20, 14.7, 15.8, 17.1),
(21, 21, 14.6, 15.8, 17.1),
(22, 22, 14.6, 15.8, 17.1),
(23, 23, 14.6, 15.7, 17),
(24, 24, 14.5, 15.7, 17),
(25, 25, 14.5, 15.7, 17),
(26, 26, 14.5, 15.6, 16.9),
(27, 27, 14.4, 15.6, 16.9),
(28, 28, 14.4, 15.6, 16.9),
(29, 29, 14.4, 15.5, 16.8),
(30, 30, 14.3, 15.5, 16.8),
(31, 31, 14.3, 15.5, 16.8),
(32, 32, 14.3, 15.5, 16.8),
(33, 33, 14.3, 15.4, 16.8),
(34, 34, 14.2, 15.4, 16.7),
(35, 35, 14.2, 15.4, 16.7),
(36, 36, 14.2, 15.4, 16.7),
(37, 37, 14.2, 15.4, 16.7),
(38, 38, 14.2, 15.3, 16.7),
(39, 39, 14.1, 15.3, 16.7),
(40, 40, 14.1, 15.3, 16.7),
(41, 41, 14.1, 15.3, 16.7),
(42, 42, 14.1, 15.3, 16.6),
(43, 43, 14.1, 15.3, 16.6),
(44, 44, 14.1, 15.3, 16.6),
(45, 45, 14, 15.3, 16.6),
(46, 46, 14, 15.2, 16.6),
(47, 47, 14, 15.2, 16.6),
(48, 48, 14, 15.2, 16.6),
(49, 49, 14, 15.2, 16.6),
(50, 50, 14, 15.2, 16.6),
(51, 51, 14, 15.2, 16.6);

-- --------------------------------------------------------

--
-- Table structure for table `input_parameter`
--

CREATE TABLE `input_parameter` (
  `id` int NOT NULL,
  `id_kriteria` int NOT NULL,
  `tipe` int NOT NULL,
  `q` float NOT NULL,
  `p` float NOT NULL,
  `periode` int NOT NULL
) ENGINE=InnoDB DEFAULT CHARSET=latin1;

--
-- Dumping data for table `input_parameter`
--

INSERT INTO `input_parameter` (`id`, `id_kriteria`, `tipe`, `q`, `p`, `periode`) VALUES
(201, 21, 1, 0, 0, 1),
(202, 22, 1, 0, 0, 1),
(203, 23, 1, 0, 0, 1),
(204, 24, 2, 1, 0, 1),
(205, 25, 2, 1, 0, 1),
(206, 26, 4, 0.5, 1, 1),
(207, 27, 1, 0, 0, 1),
(208, 28, 1, 0, 0, 1),
(209, 29, 2, 1, 0, 1),
(210, 30, 1, 0, 0, 1);

-- --------------------------------------------------------

--
-- Table structure for table `kriteria`
--

CREATE TABLE `kriteria` (
  `id` int NOT NULL,
  `nama` varchar(50) NOT NULL,
  `bobot` float NOT NULL,
  `jenis` varchar(10) NOT NULL,
  `simbol` varchar(5) NOT NULL
) ENGINE=InnoDB DEFAULT CHARSET=latin1;

--
-- Dumping data for table `kriteria`
--

INSERT INTO `kriteria` (`id`, `nama`, `bobot`, `jenis`, `simbol`) VALUES
(21, 'Indeks Masa Tubuh Menurut Umur (IMT/U)', 0, 'MAX', 'X1'),
(22, ' Berat Badan Per Tinggi Badan (BB/TB)', 0, 'MAX', 'X2'),
(23, ' Berat Badan menurut Umur (BB/U) ', 0, 'MAX', 'X3'),
(24, ' Tinggi Badan menurut Umur (TB/U)', 0, 'MAX', 'X4');

-- --------------------------------------------------------

--
-- Table structure for table `pengguna`
--

CREATE TABLE `pengguna` (
  `id` int NOT NULL,
  `nama` varchar(50) NOT NULL,
  `email` varchar(100) NOT NULL,
  `username` varchar(30) NOT NULL,
  `password` varchar(255) NOT NULL,
  `level` varchar(15) NOT NULL
) ENGINE=InnoDB DEFAULT CHARSET=latin1;

--
-- Dumping data for table `pengguna`
--

INSERT INTO `pengguna` (`id`, `nama`, `email`, `username`, `password`, `level`) VALUES
(1, 'Admin', 'zaenur.rochman98@gmail.com', 'admin', '21232f297a57a5a743894a0e4a801fc3', 'superadmin'),
(4, 'dena', 'zaenur.rochman98@gmail.com', 'dena12', '827ccb0eea8a706c4c34a16891f84e7b', 'admin'),
(6, 'rama', '191110003@student.mercubuana-yogya.ac.id', 'adminTI', '827ccb0eea8a706c4c34a16891f84e7b', 'admin');

-- --------------------------------------------------------

--
-- Table structure for table `periode`
--

CREATE TABLE `periode` (
  `id` int NOT NULL,
  `nama` varchar(30) NOT NULL,
  `keterangan` text NOT NULL
) ENGINE=InnoDB DEFAULT CHARSET=latin1;

--
-- Dumping data for table `periode`
--

INSERT INTO `periode` (`id`, `nama`, `keterangan`) VALUES
(1, 'Data stunting', 'Genap');

-- --------------------------------------------------------

--
-- Table structure for table `subkriteria`
--

CREATE TABLE `subkriteria` (
  `id` int NOT NULL,
  `id_kriteria` int NOT NULL,
  `nama` varchar(50) NOT NULL,
  `bobot` int NOT NULL
) ENGINE=InnoDB DEFAULT CHARSET=latin1;

--
-- Dumping data for table `subkriteria`
--

INSERT INTO `subkriteria` (`id`, `id_kriteria`, `nama`, `bobot`) VALUES
(1, 21, 'Sangat Kurus', 1),
(2, 21, 'Kurus', 2),
(3, 21, 'Normal', 3),
(4, 21, 'Gemuk', 4),
(5, 22, 'Gizi Buruk', 1),
(6, 22, 'Gizi Kurang', 2),
(7, 22, 'Gizi Baik', 3),
(8, 23, 'Berat Badan Sangat Kurang', 1),
(9, 23, 'Gizi Kurang', 2),
(10, 23, 'Berat Badan Normal', 3),
(11, 24, 'Sangat Pendek', 1),
(12, 24, 'Pendek', 2),
(13, 24, 'Normal', 3);

-- --------------------------------------------------------

--
-- Table structure for table `tb`
--

CREATE TABLE `tb` (
  `id` int NOT NULL,
  `id_umur` int NOT NULL,
  `min_sd` float NOT NULL,
  `median` float NOT NULL,
  `plus_sd` float NOT NULL
) ENGINE=InnoDB DEFAULT CHARSET=utf8mb4 COLLATE=utf8mb4_0900_ai_ci;

--
-- Dumping data for table `tb`
--

INSERT INTO `tb` (`id`, `id_umur`, `min_sd`, `median`, `plus_sd`) VALUES
(1, 1, 71, 73.3, 75.6),
(2, 2, 72.2, 74.5, 76.9),
(3, 3, 73.4, 75.7, 78.1),
(4, 4, 74.5, 76.9, 79.3),
(5, 5, 75.6, 78, 80.5),
(6, 6, 76.6, 79.1, 81.7),
(7, 7, 77.6, 80.2, 82.8),
(8, 8, 78.6, 81.2, 83.9),
(9, 9, 79.6, 82.3, 85),
(10, 10, 80.5, 83.2, 86),
(11, 11, 81.4, 84.2, 87),
(12, 12, 82.3, 85.1, 88),
(13, 13, 83.1, 86, 89),
(14, 14, 83.9, 86.9, 89.9),
(15, 15, 84.8, 87.8, 90.9),
(16, 16, 84.9, 88, 91.1),
(17, 17, 85.6, 88.8, 92),
(18, 18, 86.4, 89.6, 92.9),
(19, 19, 87.1, 90.4, 93.7),
(20, 20, 87.8, 91.2, 94.5),
(21, 21, 88.5, 91.9, 95.3),
(22, 22, 89.2, 92.7, 96.1),
(23, 23, 89.9, 93.4, 96.9),
(24, 24, 90.5, 94.1, 97.6),
(25, 25, 91.1, 94.8, 98.4),
(26, 26, 91.8, 95.4, 99.1),
(27, 27, 92.4, 96.1, 99.8),
(28, 28, 93, 96.7, 100.5),
(29, 29, 93.6, 97.4, 101.2),
(30, 30, 94.2, 98, 101.8),
(31, 31, 94.7, 98.6, 102.5),
(32, 32, 95.3, 99.2, 103.2),
(33, 33, 95.9, 99.9, 103.8),
(34, 34, 96.4, 100.4, 104.5),
(35, 35, 97, 101, 105.1),
(36, 36, 97.5, 101.6, 105.7),
(37, 37, 98.1, 102.2, 106.3),
(38, 38, 98.6, 102.8, 106.9),
(39, 39, 99.1, 103.3, 107.5),
(40, 40, 99.7, 103.9, 108.1),
(41, 41, 100.2, 104.4, 108.7),
(42, 42, 100.7, 105, 109.3),
(43, 43, 101.2, 105.6, 109.9),
(44, 44, 101.7, 106.1, 110.5),
(45, 45, 102.3, 106.7, 111.1),
(46, 46, 102.8, 107.2, 111.7),
(47, 47, 103.3, 107.8, 112.3),
(48, 48, 103.8, 108.3, 112.8),
(49, 49, 104.3, 108.9, 113.4),
(50, 50, 104.8, 109.4, 114),
(51, 51, 105.3, 110, 114.6);

-- --------------------------------------------------------

--
-- Table structure for table `usia_pasien`
--

CREATE TABLE `usia_pasien` (
  `id` int NOT NULL,
  `umur` int NOT NULL
) ENGINE=InnoDB DEFAULT CHARSET=utf8mb4 COLLATE=utf8mb4_0900_ai_ci;

--
-- Dumping data for table `usia_pasien`
--

INSERT INTO `usia_pasien` (`id`, `umur`) VALUES
(1, 10),
(2, 11),
(3, 12),
(4, 13),
(5, 14),
(6, 15),
(7, 16),
(8, 17),
(9, 18),
(10, 19),
(11, 20),
(12, 21),
(13, 22),
(14, 23),
(15, 24),
(16, 25),
(17, 26),
(18, 27),
(19, 28),
(20, 29),
(21, 30),
(22, 31),
(23, 32),
(24, 33),
(25, 34),
(26, 35),
(27, 36),
(28, 37),
(29, 38),
(30, 39),
(31, 40),
(32, 41),
(33, 42),
(34, 43),
(35, 44),
(36, 45),
(37, 46),
(38, 47),
(39, 48),
(40, 49),
(41, 50),
(42, 51),
(43, 52),
(44, 53),
(45, 54),
(46, 55),
(47, 56),
(48, 57),
(49, 58),
(50, 59),
(51, 60);

--
-- Indexes for dumped tables
--

--
-- Indexes for table `bb`
--
ALTER TABLE `bb`
  ADD PRIMARY KEY (`id`),
  ADD UNIQUE KEY `id_umur` (`id_umur`);

--
-- Indexes for table `bb_tb`
--
ALTER TABLE `bb_tb`
  ADD PRIMARY KEY (`id`),
  ADD UNIQUE KEY `id_umur` (`id_umur`);

--
-- Indexes for table `dosen`
--
ALTER TABLE `dosen`
  ADD PRIMARY KEY (`nidn`);

--
-- Indexes for table `dosen_subkriteria`
--
ALTER TABLE `dosen_subkriteria`
  ADD PRIMARY KEY (`id`),
  ADD KEY `fk_calon_subkriteria` (`nidn`),
  ADD KEY `fk_subkriteria_calon` (`id_subkriteria`);

--
-- Indexes for table `hasil_seleksi`
--
ALTER TABLE `hasil_seleksi`
  ADD PRIMARY KEY (`id`);

--
-- Indexes for table `imt_u`
--
ALTER TABLE `imt_u`
  ADD PRIMARY KEY (`id`),
  ADD UNIQUE KEY `id_umur` (`id_umur`);

--
-- Indexes for table `input_parameter`
--
ALTER TABLE `input_parameter`
  ADD PRIMARY KEY (`id`);

--
-- Indexes for table `kriteria`
--
ALTER TABLE `kriteria`
  ADD PRIMARY KEY (`id`);

--
-- Indexes for table `pengguna`
--
ALTER TABLE `pengguna`
  ADD PRIMARY KEY (`id`),
  ADD UNIQUE KEY `username` (`username`);

--
-- Indexes for table `periode`
--
ALTER TABLE `periode`
  ADD PRIMARY KEY (`id`);

--
-- Indexes for table `subkriteria`
--
ALTER TABLE `subkriteria`
  ADD PRIMARY KEY (`id`),
  ADD KEY `fk_subkriteria` (`id_kriteria`);

--
-- Indexes for table `tb`
--
ALTER TABLE `tb`
  ADD PRIMARY KEY (`id`),
  ADD UNIQUE KEY `id_umur` (`id_umur`);

--
-- Indexes for table `usia_pasien`
--
ALTER TABLE `usia_pasien`
  ADD PRIMARY KEY (`id`);

--
-- AUTO_INCREMENT for dumped tables
--

--
-- AUTO_INCREMENT for table `bb_tb`
--
ALTER TABLE `bb_tb`
  MODIFY `id` int NOT NULL AUTO_INCREMENT, AUTO_INCREMENT=52;

--
-- AUTO_INCREMENT for table `dosen_subkriteria`
--
ALTER TABLE `dosen_subkriteria`
  MODIFY `id` int NOT NULL AUTO_INCREMENT, AUTO_INCREMENT=1031;

--
-- AUTO_INCREMENT for table `hasil_seleksi`
--
ALTER TABLE `hasil_seleksi`
  MODIFY `id` int NOT NULL AUTO_INCREMENT, AUTO_INCREMENT=851;

--
-- AUTO_INCREMENT for table `input_parameter`
--
ALTER TABLE `input_parameter`
  MODIFY `id` int NOT NULL AUTO_INCREMENT, AUTO_INCREMENT=211;

--
-- AUTO_INCREMENT for table `kriteria`
--
ALTER TABLE `kriteria`
  MODIFY `id` int NOT NULL AUTO_INCREMENT, AUTO_INCREMENT=33;

--
-- AUTO_INCREMENT for table `pengguna`
--
ALTER TABLE `pengguna`
  MODIFY `id` int NOT NULL AUTO_INCREMENT, AUTO_INCREMENT=7;

--
-- AUTO_INCREMENT for table `periode`
--
ALTER TABLE `periode`
  MODIFY `id` int NOT NULL AUTO_INCREMENT, AUTO_INCREMENT=3;

--
-- AUTO_INCREMENT for table `subkriteria`
--
ALTER TABLE `subkriteria`
  MODIFY `id` int NOT NULL AUTO_INCREMENT, AUTO_INCREMENT=58;

--
-- AUTO_INCREMENT for table `usia_pasien`
--
ALTER TABLE `usia_pasien`
  MODIFY `id` int NOT NULL AUTO_INCREMENT, AUTO_INCREMENT=52;

--
-- Constraints for dumped tables
--

--
-- Constraints for table `bb`
--
ALTER TABLE `bb`
  ADD CONSTRAINT `bb_ibfk_1` FOREIGN KEY (`id_umur`) REFERENCES `usia_pasien` (`id`);

--
-- Constraints for table `bb_tb`
--
ALTER TABLE `bb_tb`
  ADD CONSTRAINT `bb_tb_ibfk_1` FOREIGN KEY (`id_umur`) REFERENCES `usia_pasien` (`id`);

--
-- Constraints for table `dosen_subkriteria`
--
ALTER TABLE `dosen_subkriteria`
  ADD CONSTRAINT `fk_calon_subkriteria` FOREIGN KEY (`nidn`) REFERENCES `dosen` (`nidn`),
  ADD CONSTRAINT `fk_subkriteria_calon` FOREIGN KEY (`id_subkriteria`) REFERENCES `subkriteria` (`id`);

--
-- Constraints for table `imt_u`
--
ALTER TABLE `imt_u`
  ADD CONSTRAINT `imt_u_ibfk_1` FOREIGN KEY (`id_umur`) REFERENCES `usia_pasien` (`id`);

--
-- Constraints for table `subkriteria`
--
ALTER TABLE `subkriteria`
  ADD CONSTRAINT `fk_subkriteria` FOREIGN KEY (`id_kriteria`) REFERENCES `kriteria` (`id`);

--
-- Constraints for table `tb`
--
ALTER TABLE `tb`
  ADD CONSTRAINT `tb_ibfk_1` FOREIGN KEY (`id_umur`) REFERENCES `usia_pasien` (`id`);
COMMIT;

/*!40101 SET CHARACTER_SET_CLIENT=@OLD_CHARACTER_SET_CLIENT */;
/*!40101 SET CHARACTER_SET_RESULTS=@OLD_CHARACTER_SET_RESULTS */;
/*!40101 SET COLLATION_CONNECTION=@OLD_COLLATION_CONNECTION */;
